id,value,feature
1,age,0.3287671232876712
2,age,0.726027397260274
3,age,0.3150684931506849
4,age,0.3287671232876712
5,age,0.4520547945205479
6,age,0.5753424657534246
7,age,0.7808219178082192
8,age,0.4931506849315068
9,age,0.3972602739726027
10,age,0.726027397260274
11,age,0.5342465753424658
12,age,0.3835616438356164
13,age,0.6438356164383562
14,age,0.6164383561643836
15,age,0.6712328767123288
16,age,0.2876712328767123
17,age,0.410958904109589
18,age,0.4794520547945205
19,age,0.547945205479452
20,age,0.5753424657534246
21,age,0.3561643835616438
22,age,0.3424657534246575
23,age,0.410958904109589
24,age,0.2876712328767123
25,age,0.5342465753424658
26,age,0.6712328767123288
27,age,0.547945205479452
28,age,0.4383561643835616
29,age,0.5616438356164384
30,age,0.0958904109589041
31,age,0.3287671232876712
32,age,0.3835616438356164
33,age,0.3150684931506849
34,age,0.5205479452054794
35,age,0.273972602739726
36,age,0.2602739726027397
37,age,0.3150684931506849
38,age,0.3835616438356164
39,age,0.5616438356164384
40,age,0.5205479452054794
41,age,0.4520547945205479
42,age,0.410958904109589
43,age,0.3972602739726027
44,age,0.3561643835616438
45,age,0.3972602739726027
46,age,0.3698630136986301
47,age,0.726027397260274
48,age,0.6164383561643836
49,age,0.3150684931506849
50,age,0.2876712328767123
51,age,0.3835616438356164
52,age,0.2465753424657534
53,age,0.3561643835616438
54,age,0.3013698630136986
55,age,0.5068493150684932
56,age,0.3424657534246575
57,age,0.2191780821917808
58,age,0.3698630136986301
59,age,0.6712328767123288
60,age,0.684931506849315
61,age,0.4931506849315068
62,age,0.3698630136986301
63,age,0.4246575342465753
64,age,0.4383561643835616
65,age,0.6986301369863014
66,age,0.3150684931506849
67,age,0.2328767123287671
68,age,0.2602739726027397
69,age,0.3287671232876712
70,age,0.3698630136986301
71,age,0.5342465753424658
72,age,0.6575342465753424
73,age,0.3287671232876712
74,age,0.5342465753424658
75,age,0.3287671232876712
76,age,0.273972602739726
77,age,0.410958904109589
78,age,0.3561643835616438
79,age,0.5342465753424658
80,age,0.4657534246575342
81,age,0.2876712328767123
82,age,0.684931506849315
83,age,0.547945205479452
84,age,0.4383561643835616
85,age,0.6986301369863014
86,age,0.3561643835616438
87,age,0.6438356164383562
88,age,0.6712328767123288
89,age,0.589041095890411
90,age,0.821917808219178
91,age,0.7534246575342466
92,age,0.4383561643835616
93,age,0.6575342465753424
94,age,0.3561643835616438
95,age,0.4246575342465753
96,age,0.3424657534246575
97,age,0.589041095890411
98,age,0.6712328767123288
99,age,0.273972602739726
100,age,0.4931506849315068
101,age,0.2054794520547945
102,age,0.5205479452054794
103,age,0.3561643835616438
104,age,0.3698630136986301
105,age,0.3287671232876712
106,age,0.8356164383561644
107,age,0.5342465753424658
108,age,0.6027397260273972
109,age,0.3972602739726027
110,age,0.2602739726027397
111,age,0.7808219178082192
112,age,0.410958904109589
113,age,0.6438356164383562
114,age,0.3698630136986301
115,age,0.4246575342465753
116,age,0.547945205479452
117,age,0.273972602739726
118,age,0.2876712328767123
119,age,0.4383561643835616
120,age,0.6438356164383562
121,age,0.7397260273972602
122,age,0.4383561643835616
123,age,0.6575342465753424
124,age,0.4657534246575342
125,age,0.410958904109589
126,age,0.3835616438356164
127,age,0.4520547945205479
128,age,0.3287671232876712
129,age,0.4931506849315068
130,age,0.273972602739726
131,age,0.8082191780821918
132,age,0.3287671232876712
133,age,0.726027397260274
134,age,0.4246575342465753
135,age,0.3150684931506849
136,age,0.6986301369863014
137,age,0.684931506849315
138,age,0.6301369863013698
139,age,0.273972602739726
140,age,0.410958904109589
141,age,0.6712328767123288
142,age,0.1780821917808219
143,age,0.5753424657534246
144,age,0.726027397260274
145,age,0.4246575342465753
146,age,0.6164383561643836
147,age,0.547945205479452
148,age,0.4520547945205479
149,age,0.4794520547945205
150,age,0.273972602739726
151,age,0.5205479452054794
152,age,0.4520547945205479
153,age,0.3424657534246575
154,age,0.3424657534246575
155,age,0.4383561643835616
156,age,0.3424657534246575
157,age,0.7808219178082192
158,age,0.684931506849315
159,age,0.3150684931506849
160,age,0.3698630136986301
161,age,0.684931506849315
162,age,0.3424657534246575
163,age,0.6712328767123288
164,age,0.6438356164383562
165,age,0.273972602739726
166,age,0.6438356164383562
167,age,0.5068493150684932
168,age,0.6575342465753424
169,age,0.7123287671232876
170,age,0.726027397260274
171,age,0.6575342465753424
172,age,0.7534246575342466
173,age,0.7671232876712328
174,age,0.410958904109589
175,age,0.3561643835616438
176,age,0.3835616438356164
177,age,0.273972602739726
178,age,0.3561643835616438
179,age,0.2054794520547945
180,age,0.3013698630136986
181,age,0.3561643835616438
182,age,0.4931506849315068
183,age,0.4520547945205479
184,age,0.5068493150684932
185,age,0.726027397260274
186,age,0.5342465753424658
187,age,0.3561643835616438
188,age,0.5753424657534246
189,age,0.4383561643835616
190,age,0.410958904109589
191,age,0.4520547945205479
192,age,0.5753424657534246
193,age,0.3972602739726027
194,age,0.5205479452054794
195,age,0.5753424657534246
196,age,0.6712328767123288
197,age,0.7534246575342466
198,age,0.2876712328767123
199,age,0.410958904109589
200,age,0.547945205479452
201,age,0.3698630136986301
202,age,0.5616438356164384
203,age,0.3424657534246575
204,age,0.7123287671232876
205,age,0.6438356164383562
206,age,0.1917808219178082
207,age,0.5342465753424658
208,age,0.589041095890411
209,age,0.4520547945205479
210,age,0.5342465753424658
211,age,0.9041095890410958
212,age,0.6712328767123288
213,age,0.4520547945205479
214,age,0.3561643835616438
215,age,0.4794520547945205
216,age,0.3013698630136986
217,age,0.3013698630136986
218,age,0.5068493150684932
219,age,0.4383561643835616
220,age,0.410958904109589
221,age,0.2602739726027397
222,age,0.3972602739726027
223,age,0.2602739726027397
224,age,0.4246575342465753
225,age,0.6986301369863014
226,age,0.3835616438356164
227,age,0.6301369863013698
228,age,0.2876712328767123
229,age,0.3972602739726027
230,age,0.3835616438356164
231,age,0.6575342465753424
232,age,0.6164383561643836
233,age,0.5205479452054794
234,age,0.821917808219178
235,age,0.5068493150684932
236,age,0.6027397260273972
237,age,0.6712328767123288
238,age,0.5753424657534246
239,age,0.5342465753424658
240,age,0.3150684931506849
241,age,0.3561643835616438
242,age,0.4520547945205479
243,age,0.4520547945205479
244,age,0.3835616438356164
245,age,0.3013698630136986
246,age,0.2602739726027397
247,age,0.3835616438356164
248,age,0.3424657534246575
249,age,0.3424657534246575
250,age,0.3972602739726027
251,age,0.3835616438356164
252,age,0.5753424657534246
253,age,0.3561643835616438
254,age,0.6027397260273972
255,age,0.3150684931506849
256,age,0.4794520547945205
257,age,0.2328767123287671
258,age,0.2602739726027397
259,age,0.2876712328767123
260,age,0.547945205479452
261,age,0.3835616438356164
262,age,0.2602739726027397
263,age,0.5616438356164384
264,age,0.4931506849315068
265,age,0.3561643835616438
266,age,0.8493150684931506
267,age,0.3150684931506849
268,age,0.3287671232876712
269,age,0.4246575342465753
270,age,0.2465753424657534
271,age,0.6986301369863014
272,age,0.4520547945205479
273,age,0.684931506849315
274,age,0.273972602739726
275,age,0.5205479452054794
276,age,0.2876712328767123
277,age,0.4794520547945205
278,age,0.5068493150684932
279,age,0.4520547945205479
280,age,0.410958904109589
281,age,0.2054794520547945
282,age,0.3013698630136986
283,age,0.3835616438356164
284,age,0.547945205479452
285,age,0.3424657534246575
286,age,0.3698630136986301
287,age,0.2876712328767123
288,age,0.4657534246575342
289,age,0.1506849315068493
290,age,0.547945205479452
291,age,0.2602739726027397
292,age,0.4794520547945205
293,age,0.3287671232876712
294,age,0.4657534246575342
295,age,0.4246575342465753
296,age,0.589041095890411
297,age,0.3972602739726027
298,age,0.6027397260273972
299,age,0.3972602739726027
300,age,0.3561643835616438
301,age,0.3287671232876712
302,age,0.5753424657534246
303,age,0.2602739726027397
304,age,0.3013698630136986
305,age,0.3150684931506849
306,age,0.6164383561643836
307,age,0.3424657534246575
308,age,0.821917808219178
309,age,0.547945205479452
310,age,0.5068493150684932
311,age,0.4383561643835616
312,age,0.6575342465753424
313,age,0.5616438356164384
314,age,0.273972602739726
315,age,0.4246575342465753
316,age,0.589041095890411
317,age,0.3013698630136986
318,age,0.8904109589041096
319,age,0.5205479452054794
320,age,0.2602739726027397
321,age,0.6712328767123288
322,age,0.273972602739726
323,age,0.2876712328767123
324,age,0.2876712328767123
325,age,0.6575342465753424
326,age,0.5616438356164384
327,age,0.3013698630136986
328,age,0.6986301369863014
329,age,0.6575342465753424
330,age,0.4794520547945205
331,age,0.4520547945205479
332,age,0.273972602739726
333,age,0.6438356164383562
334,age,0.4383561643835616
335,age,0.6164383561643836
336,age,0.3150684931506849
337,age,0.5068493150684932
338,age,0.5342465753424658
339,age,0.4794520547945205
340,age,0.6301369863013698
341,age,0.2328767123287671
342,age,0.3424657534246575
343,age,0.589041095890411
344,age,0.410958904109589
345,age,0.3835616438356164
346,age,0.4657534246575342
347,age,0.2465753424657534
348,age,0.3287671232876712
349,age,0.9315068493150684
350,age,0.4383561643835616
351,age,0.8356164383561644
352,age,0.5068493150684932
353,age,0.3424657534246575
354,age,0.3972602739726027
355,age,0.3424657534246575
356,age,0.4383561643835616
357,age,0.3561643835616438
358,age,0.547945205479452
359,age,0.3013698630136986
360,age,0.6986301369863014
361,age,0.3013698630136986
362,age,0.4794520547945205
363,age,0.273972602739726
364,age,0.863013698630137
365,age,0.3972602739726027
366,age,0.273972602739726
367,age,0.2328767123287671
368,age,0.2465753424657534
369,age,0.3287671232876712
370,age,0.7123287671232876
371,age,0.4931506849315068
372,age,0.3424657534246575
373,age,0.3287671232876712
374,age,0.4931506849315068
375,age,0.2328767123287671
376,age,0.3835616438356164
377,age,0.3013698630136986
378,age,0.4794520547945205
379,age,0.6027397260273972
380,age,0.4383561643835616
381,age,0.4520547945205479
382,age,0.6164383561643836
383,age,0.5753424657534246
384,age,0.7123287671232876
385,age,0.4931506849315068
386,age,0.4931506849315068
387,age,0.4520547945205479
388,age,0.4246575342465753
389,age,0.6027397260273972
390,age,0.5753424657534246
391,age,0.3150684931506849
392,age,0.7123287671232876
393,age,0.2602739726027397
394,age,0.3424657534246575
395,age,0.589041095890411
396,age,0.7808219178082192
397,age,0.2328767123287671
398,age,0.547945205479452
399,age,0.3424657534246575
400,age,0.4520547945205479
401,age,0.6301369863013698
402,age,0.410958904109589
403,age,0.5068493150684932
404,age,0.3972602739726027
405,age,0.3013698630136986
406,age,0.7123287671232876
407,age,0.3972602739726027
408,age,0.3150684931506849
409,age,0.6575342465753424
410,age,0.410958904109589
411,age,0.4657534246575342
412,age,0.3424657534246575
413,age,0.7534246575342466
414,age,0.3287671232876712
415,age,0.5342465753424658
416,age,0.273972602739726
417,age,0.3698630136986301
418,age,0.7534246575342466
419,age,0.5068493150684932
420,age,0.726027397260274
421,age,0.5205479452054794
422,age,0.3561643835616438
423,age,0.8767123287671232
424,age,0.4931506849315068
425,age,0.2602739726027397
426,age,0.7534246575342466
427,age,0.6986301369863014
428,age,0.3835616438356164
429,age,0.3698630136986301
430,age,0.5205479452054794
431,age,0.3287671232876712
432,age,0.3013698630136986
433,age,0.3698630136986301
434,age,0.2191780821917808
435,age,0.3287671232876712
436,age,0.410958904109589
437,age,0.3698630136986301
438,age,0.6986301369863014
439,age,0.3150684931506849
440,age,0.410958904109589
441,age,0.684931506849315
442,age,0.3013698630136986
443,age,0.4794520547945205
444,age,0.6986301369863014
445,age,0.2876712328767123
446,age,0.7808219178082192
447,age,0.410958904109589
448,age,0.3150684931506849
449,age,0.3150684931506849
450,age,0.4794520547945205
451,age,0.2191780821917808
452,age,0.4794520547945205
453,age,0.2465753424657534
454,age,0.7808219178082192
455,age,0.6575342465753424
456,age,0.3287671232876712
457,age,0.4520547945205479
458,age,0.6438356164383562
459,age,0.3013698630136986
460,age,0.6027397260273972
461,age,0.2054794520547945
462,age,0.2602739726027397
463,age,0.6575342465753424
464,age,0.821917808219178
465,age,0.4383561643835616
466,age,0.3013698630136986
467,age,0.3972602739726027
468,age,0.3835616438356164
469,age,0.821917808219178
470,age,0.3287671232876712
471,age,0.136986301369863
472,age,0.3287671232876712
473,age,0.3972602739726027
474,age,0.6986301369863014
475,age,0.410958904109589
476,age,0.3835616438356164
477,age,0.3150684931506849
478,age,0.3972602739726027
479,age,0.410958904109589
480,age,0.7808219178082192
481,age,1.0
482,age,0.2465753424657534
483,age,0.3972602739726027
484,age,0.3698630136986301
485,age,0.6027397260273972
486,age,0.5342465753424658
487,age,0.3013698630136986
488,age,0.6575342465753424
489,age,0.7534246575342466
490,age,0.3972602739726027
491,age,0.589041095890411
492,age,0.7808219178082192
493,age,0.3013698630136986
494,age,0.5205479452054794
495,age,0.3972602739726027
496,age,0.2876712328767123
497,age,0.273972602739726
498,age,0.3561643835616438
499,age,0.5753424657534246
500,age,0.3835616438356164
501,age,0.3013698630136986
502,age,0.3013698630136986
503,age,0.684931506849315
504,age,0.547945205479452
505,age,0.3698630136986301
506,age,0.6301369863013698
507,age,0.2465753424657534
508,age,0.3698630136986301
509,age,0.3150684931506849
510,age,0.4657534246575342
511,age,0.3013698630136986
512,age,0.3972602739726027
513,age,0.589041095890411
514,age,0.3698630136986301
515,age,0.726027397260274
516,age,0.726027397260274
517,age,0.3287671232876712
518,age,0.6712328767123288
519,age,0.3013698630136986
520,age,0.8493150684931506
521,age,0.2602739726027397
522,age,0.4931506849315068
523,age,0.684931506849315
524,age,0.7671232876712328
525,age,0.3698630136986301
526,age,0.410958904109589
527,age,0.4520547945205479
528,age,0.2465753424657534
529,age,0.6438356164383562
530,age,0.3972602739726027
531,age,0.410958904109589
532,age,0.273972602739726
533,age,0.589041095890411
534,age,0.273972602739726
535,age,0.6164383561643836
536,age,0.5205479452054794
537,age,0.4931506849315068
538,age,0.4246575342465753
539,age,0.726027397260274
540,age,0.3835616438356164
541,age,0.2602739726027397
542,age,0.2876712328767123
543,age,0.4520547945205479
544,age,0.6027397260273972
545,age,0.3698630136986301
546,age,0.4931506849315068
547,age,0.684931506849315
548,age,0.6986301369863014
549,age,0.5753424657534246
550,age,0.2191780821917808
551,age,0.3424657534246575
552,age,0.6164383561643836
553,age,0.7945205479452054
554,age,0.4383561643835616
555,age,0.3972602739726027
556,age,0.4794520547945205
557,age,0.410958904109589
558,age,0.7671232876712328
559,age,0.9452054794520548
560,age,0.4383561643835616
561,age,0.3150684931506849
562,age,0.7397260273972602
563,age,0.5342465753424658
564,age,0.8904109589041096
565,age,0.547945205479452
566,age,0.273972602739726
567,age,0.3287671232876712
568,age,0.5342465753424658
569,age,0.4657534246575342
570,age,0.3561643835616438
571,age,0.4657534246575342
572,age,0.6986301369863014
573,age,0.9315068493150684
574,age,0.7671232876712328
575,age,0.4520547945205479
576,age,0.6575342465753424
577,age,0.4931506849315068
578,age,0.4246575342465753
579,age,0.4383561643835616
580,age,0.2191780821917808
581,age,0.5068493150684932
582,age,0.2328767123287671
583,age,0.6027397260273972
584,age,0.3424657534246575
585,age,0.9452054794520548
586,age,0.273972602739726
587,age,0.3561643835616438
588,age,0.2465753424657534
589,age,0.2876712328767123
590,age,0.684931506849315
591,age,0.7808219178082192
592,age,0.2465753424657534
593,age,0.4246575342465753
594,age,0.6301369863013698
595,age,0.3424657534246575
596,age,0.273972602739726
597,age,0.3150684931506849
598,age,0.547945205479452
599,age,0.3013698630136986
600,age,0.4657534246575342
601,age,0.2602739726027397
602,age,0.6438356164383562
603,age,0.2876712328767123
604,age,0.5342465753424658
605,age,0.4520547945205479
606,age,0.3835616438356164
607,age,0.6712328767123288
608,age,0.3013698630136986
609,age,0.1780821917808219
610,age,0.3013698630136986
611,age,0.6301369863013698
612,age,0.4931506849315068
613,age,0.5068493150684932
614,age,0.7397260273972602
615,age,0.5205479452054794
616,age,0.7534246575342466
617,age,0.3698630136986301
618,age,0.2054794520547945
619,age,0.2328767123287671
620,age,0.2465753424657534
621,age,0.2328767123287671
622,age,0.3424657534246575
623,age,0.684931506849315
624,age,0.2602739726027397
625,age,0.3698630136986301
626,age,0.3150684931506849
627,age,0.3287671232876712
628,age,0.1780821917808219
629,age,0.6301369863013698
630,age,0.3561643835616438
631,age,0.2465753424657534
632,age,0.2465753424657534
633,age,0.4794520547945205
634,age,0.5342465753424658
635,age,0.3013698630136986
636,age,0.6438356164383562
637,age,0.410958904109589
638,age,0.6164383561643836
639,age,0.5753424657534246
640,age,0.273972602739726
641,age,0.3287671232876712
642,age,0.2465753424657534
643,age,0.5342465753424658
644,age,0.6986301369863014
645,age,0.3698630136986301
646,age,0.2328767123287671
647,age,0.547945205479452
648,age,0.589041095890411
649,age,0.273972602739726
650,age,0.5753424657534246
651,age,0.8904109589041096
652,age,0.4794520547945205
653,age,0.4246575342465753
654,age,0.3698630136986301
655,age,0.684931506849315
656,age,0.6575342465753424
657,age,0.3561643835616438
658,age,0.4520547945205479
659,age,0.4246575342465753
660,age,0.3561643835616438
661,age,0.3835616438356164
662,age,0.7534246575342466
663,age,0.3561643835616438
664,age,0.410958904109589
665,age,0.3424657534246575
666,age,0.6027397260273972
667,age,0.4794520547945205
668,age,0.3972602739726027
669,age,0.5068493150684932
670,age,0.410958904109589
671,age,0.2876712328767123
672,age,0.7397260273972602
673,age,0.6986301369863014
674,age,0.1780821917808219
675,age,0.4657534246575342
676,age,0.410958904109589
677,age,0.273972602739726
678,age,0.684931506849315
679,age,0.273972602739726
680,age,0.4520547945205479
681,age,0.6027397260273972
682,age,0.3150684931506849
683,age,0.5753424657534246
684,age,0.3835616438356164
685,age,0.4383561643835616
686,age,0.4383561643835616
687,age,0.4246575342465753
688,age,0.5068493150684932
689,age,0.3424657534246575
690,age,0.4794520547945205
691,age,0.4657534246575342
692,age,0.4657534246575342
693,age,0.589041095890411
694,age,0.821917808219178
695,age,0.3561643835616438
696,age,0.7534246575342466
697,age,0.3424657534246575
698,age,0.3835616438356164
699,age,0.6027397260273972
700,age,0.2328767123287671
701,age,0.6986301369863014
702,age,0.5068493150684932
703,age,0.3561643835616438
704,age,0.6986301369863014
705,age,0.2876712328767123
706,age,0.3150684931506849
707,age,0.7671232876712328
708,age,0.3561643835616438
709,age,0.2876712328767123
710,age,0.2602739726027397
711,age,0.3013698630136986
712,age,0.3013698630136986
713,age,0.5753424657534246
714,age,0.3561643835616438
715,age,0.2876712328767123
716,age,0.4931506849315068
717,age,0.3287671232876712
718,age,0.5753424657534246
719,age,0.5068493150684932
720,age,0.6712328767123288
721,age,0.3287671232876712
722,age,0.684931506849315
723,age,0.3561643835616438
724,age,0.4246575342465753
725,age,0.2876712328767123
726,age,0.3424657534246575
727,age,0.3424657534246575
728,age,0.7945205479452054
729,age,0.2602739726027397
730,age,0.4246575342465753
731,age,0.5616438356164384
732,age,0.3835616438356164
733,age,0.6027397260273972
734,age,0.3424657534246575
735,age,0.3972602739726027
736,age,0.6575342465753424
737,age,0.410958904109589
738,age,0.4794520547945205
739,age,0.4794520547945205
740,age,0.3424657534246575
741,age,0.3424657534246575
742,age,0.4794520547945205
743,age,0.4246575342465753
744,age,0.4794520547945205
745,age,0.5753424657534246
746,age,0.3424657534246575
747,age,0.2602739726027397
748,age,0.3835616438356164
749,age,0.4520547945205479
750,age,0.3835616438356164
751,age,0.3287671232876712
752,age,0.821917808219178
753,age,0.7671232876712328
754,age,0.8082191780821918
755,age,0.6027397260273972
756,age,0.410958904109589
757,age,0.3561643835616438
758,age,0.3698630136986301
759,age,0.273972602739726
760,age,0.4794520547945205
761,age,0.2328767123287671
762,age,0.4383561643835616
763,age,0.3698630136986301
764,age,0.3698630136986301
765,age,0.4246575342465753
766,age,0.5753424657534246
767,age,0.958904109589041
768,age,0.3972602739726027
769,age,0.5342465753424658
770,age,0.3835616438356164
771,age,0.3561643835616438
772,age,0.684931506849315
773,age,0.273972602739726
774,age,0.410958904109589
775,age,0.6301369863013698
776,age,0.410958904109589
777,age,0.863013698630137
778,age,0.4657534246575342
779,age,0.4246575342465753
780,age,0.6712328767123288
781,age,0.273972602739726
782,age,0.2876712328767123
783,age,0.410958904109589
784,age,0.6438356164383562
785,age,0.4383561643835616
786,age,0.4931506849315068
787,age,0.2465753424657534
788,age,0.6986301369863014
789,age,0.3972602739726027
790,age,0.3698630136986301
791,age,0.4246575342465753
792,age,0.547945205479452
793,age,0.3013698630136986
794,age,0.4383561643835616
795,age,0.410958904109589
796,age,0.4383561643835616
797,age,0.6027397260273972
798,age,0.547945205479452
799,age,0.6712328767123288
800,age,0.3424657534246575
801,age,0.3013698630136986
802,age,0.4794520547945205
803,age,0.958904109589041
804,age,0.5342465753424658
805,age,0.3698630136986301
806,age,0.3698630136986301
807,age,0.5616438356164384
808,age,0.6164383561643836
809,age,0.684931506849315
810,age,0.7534246575342466
811,age,0.547945205479452
812,age,0.3013698630136986
813,age,0.1917808219178082
814,age,0.410958904109589
815,age,0.4383561643835616
816,age,0.4657534246575342
817,age,0.2602739726027397
818,age,0.3835616438356164
819,age,0.8082191780821918
820,age,0.3013698630136986
821,age,0.5068493150684932
822,age,0.3972602739726027
823,age,0.3698630136986301
824,age,0.4246575342465753
825,age,0.6027397260273972
826,age,0.3835616438356164
827,age,0.3150684931506849
828,age,0.3835616438356164
829,age,0.6575342465753424
830,age,0.6301369863013698
831,age,0.2876712328767123
832,age,0.3287671232876712
833,age,0.4657534246575342
834,age,0.3561643835616438
835,age,0.6027397260273972
836,age,0.6027397260273972
837,age,0.4931506849315068
838,age,0.3150684931506849
839,age,0.5205479452054794
840,age,0.5342465753424658
841,age,0.6164383561643836
842,age,0.547945205479452
843,age,0.4794520547945205
844,age,0.3013698630136986
845,age,0.8767123287671232
846,age,0.3698630136986301
847,age,0.3972602739726027
848,age,0.6301369863013698
849,age,0.2054794520547945
850,age,0.4657534246575342
851,age,0.2465753424657534
852,age,0.6301369863013698
853,age,0.6712328767123288
854,age,0.3972602739726027
855,age,0.726027397260274
856,age,0.589041095890411
857,age,0.4794520547945205
858,age,0.863013698630137
859,age,0.2465753424657534
860,age,0.958904109589041
861,age,0.5205479452054794
862,age,0.3424657534246575
863,age,0.2328767123287671
864,age,0.3698630136986301
865,age,0.3424657534246575
866,age,0.6164383561643836
867,age,0.3287671232876712
868,age,0.2876712328767123
869,age,0.410958904109589
870,age,0.3013698630136986
871,age,0.4246575342465753
872,age,0.2602739726027397
873,age,0.6575342465753424
874,age,0.4931506849315068
875,age,0.3287671232876712
876,age,0.5616438356164384
877,age,0.410958904109589
878,age,0.684931506849315
879,age,0.4520547945205479
880,age,0.1780821917808219
881,age,0.5342465753424658
882,age,0.4794520547945205
883,age,0.6712328767123288
884,age,0.6027397260273972
885,age,0.410958904109589
886,age,0.273972602739726
887,age,0.1917808219178082
888,age,0.5616438356164384
889,age,0.3287671232876712
890,age,0.4383561643835616
891,age,0.6986301369863014
892,age,0.4931506849315068
893,age,0.3424657534246575
894,age,0.6438356164383562
895,age,0.4246575342465753
896,age,0.3835616438356164
897,age,0.410958904109589
898,age,0.3150684931506849
899,age,0.4383561643835616
900,age,0.821917808219178
901,age,0.5205479452054794
902,age,0.6164383561643836
903,age,0.3835616438356164
904,age,0.2328767123287671
905,age,0.3698630136986301
906,age,0.6164383561643836
907,age,0.3424657534246575
908,age,0.6027397260273972
909,age,0.684931506849315
910,age,0.3835616438356164
911,age,0.5068493150684932
912,age,0.6986301369863014
913,age,0.3698630136986301
914,age,0.6027397260273972
915,age,0.684931506849315
916,age,0.3698630136986301
917,age,0.3013698630136986
918,age,0.547945205479452
919,age,0.3424657534246575
920,age,0.410958904109589
921,age,0.273972602739726
922,age,0.3972602739726027
923,age,0.2876712328767123
924,age,0.3972602739726027
925,age,0.2465753424657534
926,age,0.6712328767123288
927,age,0.3150684931506849
928,age,0.2876712328767123
929,age,0.6027397260273972
930,age,0.3835616438356164
931,age,0.821917808219178
932,age,0.7945205479452054
933,age,0.3835616438356164
934,age,0.8356164383561644
935,age,0.5753424657534246
936,age,0.3287671232876712
937,age,0.6575342465753424
938,age,0.5205479452054794
939,age,0.3561643835616438
940,age,0.4383561643835616
941,age,0.273972602739726
942,age,0.6575342465753424
943,age,0.3013698630136986
1,gender,M
2,gender,F
3,gender,M
4,gender,M
5,gender,F
6,gender,M
7,gender,M
8,gender,M
9,gender,M
10,gender,M
11,gender,F
12,gender,F
13,gender,M
14,gender,M
15,gender,F
16,gender,M
17,gender,M
18,gender,F
19,gender,M
20,gender,F
21,gender,M
22,gender,M
23,gender,F
24,gender,F
25,gender,M
26,gender,M
27,gender,F
28,gender,M
29,gender,M
30,gender,M
31,gender,M
32,gender,F
33,gender,M
34,gender,F
35,gender,F
36,gender,F
37,gender,M
38,gender,F
39,gender,M
40,gender,M
41,gender,M
42,gender,M
43,gender,F
44,gender,M
45,gender,M
46,gender,F
47,gender,M
48,gender,M
49,gender,F
50,gender,M
51,gender,M
52,gender,F
53,gender,M
54,gender,M
55,gender,M
56,gender,M
57,gender,M
58,gender,M
59,gender,M
60,gender,M
61,gender,M
62,gender,F
63,gender,M
64,gender,M
65,gender,F
66,gender,M
67,gender,M
68,gender,M
69,gender,M
70,gender,M
71,gender,M
72,gender,F
73,gender,M
74,gender,M
75,gender,M
76,gender,M
77,gender,M
78,gender,M
79,gender,F
80,gender,F
81,gender,M
82,gender,M
83,gender,M
84,gender,M
85,gender,M
86,gender,M
87,gender,M
88,gender,F
89,gender,F
90,gender,M
91,gender,M
92,gender,M
93,gender,M
94,gender,M
95,gender,M
96,gender,F
97,gender,M
98,gender,F
99,gender,M
100,gender,M
101,gender,M
102,gender,M
103,gender,M
104,gender,M
105,gender,M
106,gender,M
107,gender,M
108,gender,M
109,gender,M
110,gender,M
111,gender,M
112,gender,M
113,gender,M
114,gender,M
115,gender,M
116,gender,M
117,gender,M
118,gender,M
119,gender,M
120,gender,F
121,gender,M
122,gender,F
123,gender,F
124,gender,M
125,gender,M
126,gender,F
127,gender,M
128,gender,F
129,gender,F
130,gender,M
131,gender,F
132,gender,M
133,gender,M
134,gender,M
135,gender,M
136,gender,M
137,gender,M
138,gender,M
139,gender,M
140,gender,F
141,gender,M
142,gender,M
143,gender,M
144,gender,M
145,gender,M
146,gender,M
147,gender,F
148,gender,M
149,gender,F
150,gender,F
151,gender,F
152,gender,F
153,gender,M
154,gender,M
155,gender,F
156,gender,M
157,gender,M
158,gender,M
159,gender,F
160,gender,M
161,gender,M
162,gender,M
163,gender,M
164,gender,M
165,gender,F
166,gender,M
167,gender,M
168,gender,M
169,gender,F
170,gender,F
171,gender,F
172,gender,M
173,gender,M
174,gender,F
175,gender,F
176,gender,M
177,gender,M
178,gender,M
179,gender,M
180,gender,F
181,gender,M
182,gender,M
183,gender,M
184,gender,M
185,gender,F
186,gender,F
187,gender,M
188,gender,M
189,gender,M
190,gender,M
191,gender,M
192,gender,M
193,gender,M
194,gender,M
195,gender,M
196,gender,M
197,gender,M
198,gender,F
199,gender,M
200,gender,M
201,gender,M
202,gender,F
203,gender,F
204,gender,F
205,gender,M
206,gender,F
207,gender,M
208,gender,M
209,gender,F
210,gender,M
211,gender,M
212,gender,F
213,gender,M
214,gender,F
215,gender,M
216,gender,M
217,gender,M
218,gender,M
219,gender,M
220,gender,M
221,gender,M
222,gender,M
223,gender,F
224,gender,F
225,gender,F
226,gender,M
227,gender,M
228,gender,F
229,gender,F
230,gender,F
231,gender,M
232,gender,M
233,gender,M
234,gender,M
235,gender,M
236,gender,F
237,gender,M
238,gender,F
239,gender,M
240,gender,F
241,gender,F
242,gender,M
243,gender,M
244,gender,M
245,gender,M
246,gender,M
247,gender,M
248,gender,M
249,gender,M
250,gender,M
251,gender,M
252,gender,M
253,gender,F
254,gender,M
255,gender,M
256,gender,F
257,gender,M
258,gender,F
259,gender,M
260,gender,F
261,gender,M
262,gender,F
263,gender,M
264,gender,F
265,gender,M
266,gender,F
267,gender,M
268,gender,M
269,gender,F
270,gender,F
271,gender,M
272,gender,M
273,gender,F
274,gender,F
275,gender,M
276,gender,M
277,gender,F
278,gender,F
279,gender,M
280,gender,F
281,gender,F
282,gender,M
283,gender,M
284,gender,M
285,gender,M
286,gender,M
287,gender,M
288,gender,M
289,gender,M
290,gender,M
291,gender,M
292,gender,F
293,gender,M
294,gender,M
295,gender,M
296,gender,F
297,gender,F
298,gender,M
299,gender,M
300,gender,F
301,gender,M
302,gender,M
303,gender,M
304,gender,F
305,gender,M
306,gender,M
307,gender,M
308,gender,M
309,gender,M
310,gender,M
311,gender,M
312,gender,M
313,gender,M
314,gender,F
315,gender,M
316,gender,F
317,gender,M
318,gender,M
319,gender,M
320,gender,M
321,gender,F
322,gender,M
323,gender,M
324,gender,F
325,gender,M
326,gender,M
327,gender,M
328,gender,M
329,gender,M
330,gender,F
331,gender,M
332,gender,M
333,gender,M
334,gender,M
335,gender,M
336,gender,M
337,gender,M
338,gender,F
339,gender,M
340,gender,M
341,gender,F
342,gender,F
343,gender,M
344,gender,F
345,gender,F
346,gender,M
347,gender,M
348,gender,F
349,gender,M
350,gender,M
351,gender,M
352,gender,F
353,gender,M
354,gender,F
355,gender,M
356,gender,F
357,gender,M
358,gender,M
359,gender,M
360,gender,M
361,gender,M
362,gender,F
363,gender,M
364,gender,M
365,gender,M
366,gender,F
367,gender,M
368,gender,M
369,gender,M
370,gender,M
371,gender,M
372,gender,F
373,gender,F
374,gender,M
375,gender,M
376,gender,F
377,gender,M
378,gender,M
379,gender,M
380,gender,M
381,gender,M
382,gender,M
383,gender,M
384,gender,M
385,gender,M
386,gender,M
387,gender,M
388,gender,M
389,gender,F
390,gender,F
391,gender,M
392,gender,M
393,gender,M
394,gender,M
395,gender,M
396,gender,M
397,gender,M
398,gender,M
399,gender,M
400,gender,F
401,gender,F
402,gender,M
403,gender,M
404,gender,F
405,gender,F
406,gender,M
407,gender,M
408,gender,M
409,gender,M
410,gender,F
411,gender,M
412,gender,M
413,gender,M
414,gender,M
415,gender,M
416,gender,F
417,gender,F
418,gender,F
419,gender,M
420,gender,M
421,gender,F
422,gender,M
423,gender,M
424,gender,F
425,gender,M
426,gender,M
427,gender,M
428,gender,M
429,gender,M
430,gender,M
431,gender,M
432,gender,M
433,gender,M
434,gender,F
435,gender,M
436,gender,F
437,gender,F
438,gender,F
439,gender,F
440,gender,M
441,gender,M
442,gender,M
443,gender,M
444,gender,F
445,gender,M
446,gender,M
447,gender,M
448,gender,M
449,gender,M
450,gender,F
451,gender,M
452,gender,M
453,gender,M
454,gender,M
455,gender,M
456,gender,M
457,gender,F
458,gender,M
459,gender,M
460,gender,F
461,gender,M
462,gender,F
463,gender,F
464,gender,M
465,gender,M
466,gender,M
467,gender,M
468,gender,M
469,gender,M
470,gender,M
471,gender,M
472,gender,M
473,gender,M
474,gender,M
475,gender,M
476,gender,M
477,gender,F
478,gender,M
479,gender,M
480,gender,M
481,gender,M
482,gender,F
483,gender,M
484,gender,M
485,gender,F
486,gender,M
487,gender,M
488,gender,M
489,gender,M
490,gender,F
491,gender,F
492,gender,M
493,gender,M
494,gender,F
495,gender,M
496,gender,F
497,gender,M
498,gender,M
499,gender,M
500,gender,M
501,gender,M
502,gender,M
503,gender,F
504,gender,F
505,gender,F
506,gender,M
507,gender,F
508,gender,M
509,gender,M
510,gender,M
511,gender,M
512,gender,M
513,gender,M
514,gender,M
515,gender,M
516,gender,F
517,gender,M
518,gender,F
519,gender,M
520,gender,M
521,gender,M
522,gender,M
523,gender,F
524,gender,M
525,gender,F
526,gender,M
527,gender,M
528,gender,M
529,gender,F
530,gender,M
531,gender,F
532,gender,M
533,gender,M
534,gender,M
535,gender,F
536,gender,M
537,gender,M
538,gender,M
539,gender,F
540,gender,M
541,gender,F
542,gender,M
543,gender,M
544,gender,F
545,gender,M
546,gender,M
547,gender,M
548,gender,M
549,gender,M
550,gender,F
551,gender,M
552,gender,M
553,gender,M
554,gender,M
555,gender,F
556,gender,F
557,gender,F
558,gender,F
559,gender,M
560,gender,M
561,gender,M
562,gender,F
563,gender,F
564,gender,M
565,gender,M
566,gender,M
567,gender,M
568,gender,M
569,gender,M
570,gender,M
571,gender,M
572,gender,M
573,gender,M
574,gender,M
575,gender,M
576,gender,M
577,gender,F
578,gender,M
579,gender,M
580,gender,M
581,gender,M
582,gender,M
583,gender,M
584,gender,M
585,gender,M
586,gender,M
587,gender,M
588,gender,F
589,gender,M
590,gender,M
591,gender,F
592,gender,M
593,gender,F
594,gender,M
595,gender,M
596,gender,M
597,gender,M
598,gender,F
599,gender,F
600,gender,M
601,gender,F
602,gender,F
603,gender,M
604,gender,M
605,gender,M
606,gender,M
607,gender,F
608,gender,M
609,gender,F
610,gender,M
611,gender,M
612,gender,M
613,gender,F
614,gender,M
615,gender,M
616,gender,M
617,gender,F
618,gender,F
619,gender,M
620,gender,F
621,gender,M
622,gender,M
623,gender,F
624,gender,M
625,gender,M
626,gender,M
627,gender,M
628,gender,M
629,gender,F
630,gender,F
631,gender,F
632,gender,M
633,gender,M
634,gender,M
635,gender,M
636,gender,M
637,gender,M
638,gender,M
639,gender,F
640,gender,M
641,gender,M
642,gender,F
643,gender,M
644,gender,M
645,gender,M
646,gender,F
647,gender,M
648,gender,M
649,gender,M
650,gender,M
651,gender,M
652,gender,M
653,gender,M
654,gender,F
655,gender,F
656,gender,M
657,gender,F
658,gender,M
659,gender,M
660,gender,M
661,gender,M
662,gender,M
663,gender,M
664,gender,M
665,gender,M
666,gender,M
667,gender,M
668,gender,F
669,gender,M
670,gender,M
671,gender,M
672,gender,F
673,gender,M
674,gender,F
675,gender,M
676,gender,M
677,gender,M
678,gender,M
679,gender,F
680,gender,M
681,gender,F
682,gender,M
683,gender,M
684,gender,M
685,gender,F
686,gender,M
687,gender,F
688,gender,F
689,gender,M
690,gender,M
691,gender,M
692,gender,M
693,gender,F
694,gender,M
695,gender,M
696,gender,M
697,gender,M
698,gender,F
699,gender,M
700,gender,M
701,gender,F
702,gender,M
703,gender,M
704,gender,F
705,gender,F
706,gender,M
707,gender,F
708,gender,F
709,gender,M
710,gender,M
711,gender,F
712,gender,F
713,gender,F
714,gender,M
715,gender,M
716,gender,F
717,gender,M
718,gender,M
719,gender,F
720,gender,F
721,gender,F
722,gender,F
723,gender,M
724,gender,M
725,gender,M
726,gender,F
727,gender,M
728,gender,M
729,gender,M
730,gender,F
731,gender,F
732,gender,F
733,gender,F
734,gender,F
735,gender,F
736,gender,F
737,gender,M
738,gender,M
739,gender,M
740,gender,F
741,gender,M
742,gender,M
743,gender,M
744,gender,M
745,gender,M
746,gender,M
747,gender,M
748,gender,M
749,gender,M
750,gender,M
751,gender,F
752,gender,M
753,gender,M
754,gender,F
755,gender,F
756,gender,F
757,gender,M
758,gender,M
759,gender,F
760,gender,F
761,gender,M
762,gender,M
763,gender,M
764,gender,F
765,gender,M
766,gender,M
767,gender,M
768,gender,M
769,gender,M
770,gender,M
771,gender,M
772,gender,M
773,gender,M
774,gender,M
775,gender,M
776,gender,M
777,gender,M
778,gender,M
779,gender,M
780,gender,M
781,gender,M
782,gender,F
783,gender,M
784,gender,M
785,gender,M
786,gender,F
787,gender,F
788,gender,M
789,gender,M
790,gender,M
791,gender,M
792,gender,M
793,gender,M
794,gender,M
795,gender,M
796,gender,F
797,gender,F
798,gender,F
799,gender,F
800,gender,M
801,gender,M
802,gender,M
803,gender,M
804,gender,M
805,gender,F
806,gender,M
807,gender,F
808,gender,M
809,gender,F
810,gender,F
811,gender,F
812,gender,M
813,gender,F
814,gender,M
815,gender,M
816,gender,M
817,gender,M
818,gender,M
819,gender,M
820,gender,M
821,gender,M
822,gender,F
823,gender,M
824,gender,M
825,gender,M
826,gender,M
827,gender,F
828,gender,M
829,gender,M
830,gender,M
831,gender,M
832,gender,M
833,gender,M
834,gender,M
835,gender,F
836,gender,M
837,gender,F
838,gender,M
839,gender,F
840,gender,M
841,gender,M
842,gender,M
843,gender,M
844,gender,M
845,gender,M
846,gender,M
847,gender,M
848,gender,M
849,gender,F
850,gender,M
851,gender,M
852,gender,M
853,gender,M
854,gender,F
855,gender,M
856,gender,F
857,gender,F
858,gender,M
859,gender,F
860,gender,F
861,gender,F
862,gender,M
863,gender,M
864,gender,M
865,gender,M
866,gender,M
867,gender,M
868,gender,M
869,gender,M
870,gender,M
871,gender,M
872,gender,F
873,gender,F
874,gender,M
875,gender,F
876,gender,M
877,gender,M
878,gender,F
879,gender,F
880,gender,M
881,gender,M
882,gender,M
883,gender,M
884,gender,M
885,gender,F
886,gender,M
887,gender,F
888,gender,M
889,gender,M
890,gender,M
891,gender,F
892,gender,M
893,gender,M
894,gender,M
895,gender,F
896,gender,M
897,gender,M
898,gender,M
899,gender,M
900,gender,M
901,gender,M
902,gender,F
903,gender,M
904,gender,F
905,gender,M
906,gender,M
907,gender,F
908,gender,F
909,gender,F
910,gender,M
911,gender,F
912,gender,M
913,gender,M
914,gender,F
915,gender,M
916,gender,M
917,gender,F
918,gender,M
919,gender,M
920,gender,F
921,gender,F
922,gender,F
923,gender,M
924,gender,M
925,gender,F
926,gender,M
927,gender,M
928,gender,M
929,gender,M
930,gender,F
931,gender,M
932,gender,M
933,gender,M
934,gender,M
935,gender,M
936,gender,M
937,gender,M
938,gender,F
939,gender,F
940,gender,M
941,gender,M
942,gender,F
943,gender,M
1,occupation,technician
2,occupation,other
3,occupation,writer
4,occupation,technician
5,occupation,other
6,occupation,executive
7,occupation,administrator
8,occupation,administrator
9,occupation,student
10,occupation,lawyer
11,occupation,other
12,occupation,other
13,occupation,educator
14,occupation,scientist
15,occupation,educator
16,occupation,entertainment
17,occupation,programmer
18,occupation,other
19,occupation,librarian
20,occupation,homemaker
21,occupation,writer
22,occupation,writer
23,occupation,artist
24,occupation,artist
25,occupation,engineer
26,occupation,engineer
27,occupation,librarian
28,occupation,writer
29,occupation,programmer
30,occupation,student
31,occupation,artist
32,occupation,student
33,occupation,student
34,occupation,administrator
35,occupation,homemaker
36,occupation,student
37,occupation,student
38,occupation,other
39,occupation,entertainment
40,occupation,scientist
41,occupation,engineer
42,occupation,administrator
43,occupation,librarian
44,occupation,technician
45,occupation,programmer
46,occupation,marketing
47,occupation,marketing
48,occupation,administrator
49,occupation,student
50,occupation,writer
51,occupation,educator
52,occupation,student
53,occupation,programmer
54,occupation,executive
55,occupation,programmer
56,occupation,librarian
57,occupation,none
58,occupation,programmer
59,occupation,educator
60,occupation,healthcare
61,occupation,engineer
62,occupation,administrator
63,occupation,marketing
64,occupation,educator
65,occupation,educator
66,occupation,student
67,occupation,student
68,occupation,student
69,occupation,engineer
70,occupation,engineer
71,occupation,scientist
72,occupation,administrator
73,occupation,student
74,occupation,scientist
75,occupation,entertainment
76,occupation,student
77,occupation,technician
78,occupation,administrator
79,occupation,administrator
80,occupation,administrator
81,occupation,student
82,occupation,programmer
83,occupation,other
84,occupation,executive
85,occupation,educator
86,occupation,administrator
87,occupation,administrator
88,occupation,librarian
89,occupation,administrator
90,occupation,educator
91,occupation,marketing
92,occupation,entertainment
93,occupation,executive
94,occupation,student
95,occupation,administrator
96,occupation,artist
97,occupation,artist
98,occupation,executive
99,occupation,student
100,occupation,executive
101,occupation,student
102,occupation,programmer
103,occupation,student
104,occupation,student
105,occupation,engineer
106,occupation,retired
107,occupation,scientist
108,occupation,educator
109,occupation,other
110,occupation,student
111,occupation,engineer
112,occupation,salesman
113,occupation,executive
114,occupation,programmer
115,occupation,engineer
116,occupation,healthcare
117,occupation,student
118,occupation,administrator
119,occupation,programmer
120,occupation,other
121,occupation,librarian
122,occupation,writer
123,occupation,artist
124,occupation,student
125,occupation,lawyer
126,occupation,lawyer
127,occupation,none
128,occupation,marketing
129,occupation,marketing
130,occupation,none
131,occupation,administrator
132,occupation,other
133,occupation,engineer
134,occupation,programmer
135,occupation,student
136,occupation,other
137,occupation,educator
138,occupation,doctor
139,occupation,student
140,occupation,student
141,occupation,programmer
142,occupation,other
143,occupation,technician
144,occupation,programmer
145,occupation,entertainment
146,occupation,artist
147,occupation,librarian
148,occupation,engineer
149,occupation,marketing
150,occupation,artist
151,occupation,administrator
152,occupation,educator
153,occupation,student
154,occupation,student
155,occupation,other
156,occupation,educator
157,occupation,engineer
158,occupation,educator
159,occupation,student
160,occupation,programmer
161,occupation,lawyer
162,occupation,artist
163,occupation,administrator
164,occupation,healthcare
165,occupation,other
166,occupation,educator
167,occupation,other
168,occupation,other
169,occupation,other
170,occupation,healthcare
171,occupation,educator
172,occupation,marketing
173,occupation,other
174,occupation,administrator
175,occupation,scientist
176,occupation,scientist
177,occupation,programmer
178,occupation,other
179,occupation,entertainment
180,occupation,administrator
181,occupation,executive
182,occupation,programmer
183,occupation,scientist
184,occupation,librarian
185,occupation,librarian
186,occupation,executive
187,occupation,educator
188,occupation,student
189,occupation,artist
190,occupation,administrator
191,occupation,administrator
192,occupation,educator
193,occupation,student
194,occupation,administrator
195,occupation,scientist
196,occupation,writer
197,occupation,technician
198,occupation,student
199,occupation,writer
200,occupation,programmer
201,occupation,writer
202,occupation,educator
203,occupation,student
204,occupation,librarian
205,occupation,lawyer
206,occupation,student
207,occupation,marketing
208,occupation,engineer
209,occupation,educator
210,occupation,engineer
211,occupation,salesman
212,occupation,educator
213,occupation,executive
214,occupation,librarian
215,occupation,programmer
216,occupation,engineer
217,occupation,other
218,occupation,administrator
219,occupation,programmer
220,occupation,librarian
221,occupation,student
222,occupation,programmer
223,occupation,student
224,occupation,educator
225,occupation,administrator
226,occupation,student
227,occupation,executive
228,occupation,student
229,occupation,librarian
230,occupation,student
231,occupation,librarian
232,occupation,scientist
233,occupation,engineer
234,occupation,retired
235,occupation,educator
236,occupation,writer
237,occupation,administrator
238,occupation,administrator
239,occupation,artist
240,occupation,educator
241,occupation,student
242,occupation,educator
243,occupation,educator
244,occupation,technician
245,occupation,student
246,occupation,student
247,occupation,engineer
248,occupation,student
249,occupation,student
250,occupation,executive
251,occupation,doctor
252,occupation,engineer
253,occupation,librarian
254,occupation,educator
255,occupation,entertainment
256,occupation,none
257,occupation,student
258,occupation,student
259,occupation,student
260,occupation,artist
261,occupation,administrator
262,occupation,student
263,occupation,programmer
264,occupation,writer
265,occupation,executive
266,occupation,administrator
267,occupation,engineer
268,occupation,engineer
269,occupation,librarian
270,occupation,student
271,occupation,engineer
272,occupation,scientist
273,occupation,other
274,occupation,student
275,occupation,engineer
276,occupation,student
277,occupation,administrator
278,occupation,librarian
279,occupation,programmer
280,occupation,librarian
281,occupation,student
282,occupation,administrator
283,occupation,programmer
284,occupation,executive
285,occupation,programmer
286,occupation,student
287,occupation,salesman
288,occupation,marketing
289,occupation,none
290,occupation,engineer
291,occupation,student
292,occupation,programmer
293,occupation,writer
294,occupation,technician
295,occupation,educator
296,occupation,administrator
297,occupation,educator
298,occupation,executive
299,occupation,doctor
300,occupation,programmer
301,occupation,student
302,occupation,educator
303,occupation,student
304,occupation,student
305,occupation,programmer
306,occupation,other
307,occupation,student
308,occupation,retired
309,occupation,scientist
310,occupation,educator
311,occupation,technician
312,occupation,other
313,occupation,marketing
314,occupation,student
315,occupation,educator
316,occupation,other
317,occupation,administrator
318,occupation,retired
319,occupation,programmer
320,occupation,student
321,occupation,educator
322,occupation,student
323,occupation,student
324,occupation,student
325,occupation,technician
326,occupation,administrator
327,occupation,student
328,occupation,administrator
329,occupation,educator
330,occupation,educator
331,occupation,entertainment
332,occupation,student
333,occupation,other
334,occupation,librarian
335,occupation,executive
336,occupation,salesman
337,occupation,scientist
338,occupation,librarian
339,occupation,lawyer
340,occupation,engineer
341,occupation,student
342,occupation,other
343,occupation,engineer
344,occupation,librarian
345,occupation,librarian
346,occupation,other
347,occupation,student
348,occupation,student
349,occupation,retired
350,occupation,student
351,occupation,educator
352,occupation,programmer
353,occupation,scientist
354,occupation,librarian
355,occupation,student
356,occupation,homemaker
357,occupation,executive
358,occupation,educator
359,occupation,student
360,occupation,other
361,occupation,student
362,occupation,homemaker
363,occupation,student
364,occupation,engineer
365,occupation,lawyer
366,occupation,student
367,occupation,student
368,occupation,student
369,occupation,student
370,occupation,writer
371,occupation,engineer
372,occupation,student
373,occupation,other
374,occupation,executive
375,occupation,entertainment
376,occupation,other
377,occupation,student
378,occupation,student
379,occupation,programmer
380,occupation,engineer
381,occupation,artist
382,occupation,engineer
383,occupation,administrator
384,occupation,programmer
385,occupation,writer
386,occupation,salesman
387,occupation,entertainment
388,occupation,other
389,occupation,writer
390,occupation,writer
391,occupation,student
392,occupation,writer
393,occupation,student
394,occupation,administrator
395,occupation,other
396,occupation,engineer
397,occupation,student
398,occupation,other
399,occupation,other
400,occupation,administrator
401,occupation,healthcare
402,occupation,engineer
403,occupation,other
404,occupation,programmer
405,occupation,healthcare
406,occupation,educator
407,occupation,engineer
408,occupation,student
409,occupation,administrator
410,occupation,artist
411,occupation,educator
412,occupation,educator
413,occupation,educator
414,occupation,programmer
415,occupation,educator
416,occupation,student
417,occupation,other
418,occupation,none
419,occupation,lawyer
420,occupation,educator
421,occupation,programmer
422,occupation,entertainment
423,occupation,other
424,occupation,marketing
425,occupation,student
426,occupation,educator
427,occupation,doctor
428,occupation,student
429,occupation,student
430,occupation,scientist
431,occupation,marketing
432,occupation,entertainment
433,occupation,artist
434,occupation,student
435,occupation,engineer
436,occupation,administrator
437,occupation,other
438,occupation,administrator
439,occupation,administrator
440,occupation,other
441,occupation,technician
442,occupation,student
443,occupation,salesman
444,occupation,lawyer
445,occupation,writer
446,occupation,educator
447,occupation,administrator
448,occupation,entertainment
449,occupation,librarian
450,occupation,educator
451,occupation,student
452,occupation,administrator
453,occupation,student
454,occupation,other
455,occupation,administrator
456,occupation,technician
457,occupation,salesman
458,occupation,technician
459,occupation,student
460,occupation,other
461,occupation,student
462,occupation,student
463,occupation,healthcare
464,occupation,writer
465,occupation,other
466,occupation,student
467,occupation,engineer
468,occupation,engineer
469,occupation,educator
470,occupation,programmer
471,occupation,student
472,occupation,student
473,occupation,student
474,occupation,executive
475,occupation,programmer
476,occupation,student
477,occupation,student
478,occupation,other
479,occupation,educator
480,occupation,retired
481,occupation,retired
482,occupation,student
483,occupation,scientist
484,occupation,student
485,occupation,educator
486,occupation,educator
487,occupation,engineer
488,occupation,technician
489,occupation,other
490,occupation,artist
491,occupation,writer
492,occupation,educator
493,occupation,engineer
494,occupation,administrator
495,occupation,engineer
496,occupation,student
497,occupation,student
498,occupation,writer
499,occupation,programmer
500,occupation,administrator
501,occupation,student
502,occupation,student
503,occupation,writer
504,occupation,writer
505,occupation,other
506,occupation,programmer
507,occupation,writer
508,occupation,marketing
509,occupation,administrator
510,occupation,other
511,occupation,student
512,occupation,other
513,occupation,administrator
514,occupation,programmer
515,occupation,marketing
516,occupation,librarian
517,occupation,student
518,occupation,writer
519,occupation,other
520,occupation,healthcare
521,occupation,student
522,occupation,engineer
523,occupation,administrator
524,occupation,educator
525,occupation,administrator
526,occupation,marketing
527,occupation,librarian
528,occupation,student
529,occupation,administrator
530,occupation,engineer
531,occupation,salesman
532,occupation,student
533,occupation,librarian
534,occupation,student
535,occupation,educator
536,occupation,engineer
537,occupation,engineer
538,occupation,scientist
539,occupation,administrator
540,occupation,engineer
541,occupation,student
542,occupation,student
543,occupation,scientist
544,occupation,other
545,occupation,technician
546,occupation,executive
547,occupation,educator
548,occupation,writer
549,occupation,scientist
550,occupation,student
551,occupation,programmer
552,occupation,other
553,occupation,educator
554,occupation,scientist
555,occupation,educator
556,occupation,educator
557,occupation,writer
558,occupation,writer
559,occupation,executive
560,occupation,student
561,occupation,engineer
562,occupation,administrator
563,occupation,librarian
564,occupation,retired
565,occupation,student
566,occupation,student
567,occupation,entertainment
568,occupation,educator
569,occupation,educator
570,occupation,educator
571,occupation,artist
572,occupation,educator
573,occupation,retired
574,occupation,educator
575,occupation,marketing
576,occupation,executive
577,occupation,student
578,occupation,administrator
579,occupation,educator
580,occupation,student
581,occupation,other
582,occupation,student
583,occupation,engineer
584,occupation,student
585,occupation,librarian
586,occupation,student
587,occupation,other
588,occupation,student
589,occupation,lawyer
590,occupation,educator
591,occupation,librarian
592,occupation,student
593,occupation,educator
594,occupation,educator
595,occupation,programmer
596,occupation,artist
597,occupation,other
598,occupation,marketing
599,occupation,student
600,occupation,programmer
601,occupation,artist
602,occupation,other
603,occupation,programmer
604,occupation,educator
605,occupation,engineer
606,occupation,programmer
607,occupation,healthcare
608,occupation,other
609,occupation,student
610,occupation,student
611,occupation,librarian
612,occupation,educator
613,occupation,marketing
614,occupation,educator
615,occupation,educator
616,occupation,scientist
617,occupation,writer
618,occupation,student
619,occupation,student
620,occupation,writer
621,occupation,student
622,occupation,programmer
623,occupation,educator
624,occupation,student
625,occupation,programmer
626,occupation,scientist
627,occupation,engineer
628,occupation,none
629,occupation,other
630,occupation,healthcare
631,occupation,student
632,occupation,student
633,occupation,programmer
634,occupation,engineer
635,occupation,other
636,occupation,educator
637,occupation,other
638,occupation,engineer
639,occupation,librarian
640,occupation,student
641,occupation,student
642,occupation,student
643,occupation,scientist
644,occupation,retired
645,occupation,programmer
646,occupation,student
647,occupation,educator
648,occupation,engineer
649,occupation,student
650,occupation,engineer
651,occupation,retired
652,occupation,other
653,occupation,executive
654,occupation,student
655,occupation,healthcare
656,occupation,educator
657,occupation,none
658,occupation,programmer
659,occupation,educator
660,occupation,student
661,occupation,programmer
662,occupation,librarian
663,occupation,other
664,occupation,engineer
665,occupation,administrator
666,occupation,administrator
667,occupation,librarian
668,occupation,writer
669,occupation,other
670,occupation,technician
671,occupation,programmer
672,occupation,administrator
673,occupation,educator
674,occupation,student
675,occupation,other
676,occupation,programmer
677,occupation,other
678,occupation,educator
679,occupation,student
680,occupation,lawyer
681,occupation,marketing
682,occupation,programmer
683,occupation,librarian
684,occupation,student
685,occupation,librarian
686,occupation,educator
687,occupation,healthcare
688,occupation,administrator
689,occupation,other
690,occupation,salesman
691,occupation,educator
692,occupation,engineer
693,occupation,healthcare
694,occupation,programmer
695,occupation,writer
696,occupation,other
697,occupation,other
698,occupation,programmer
699,occupation,other
700,occupation,student
701,occupation,librarian
702,occupation,other
703,occupation,educator
704,occupation,librarian
705,occupation,student
706,occupation,student
707,occupation,librarian
708,occupation,homemaker
709,occupation,other
710,occupation,student
711,occupation,student
712,occupation,student
713,occupation,other
714,occupation,engineer
715,occupation,technician
716,occupation,administrator
717,occupation,technician
718,occupation,technician
719,occupation,other
720,occupation,administrator
721,occupation,entertainment
722,occupation,homemaker
723,occupation,executive
724,occupation,executive
725,occupation,student
726,occupation,administrator
727,occupation,student
728,occupation,executive
729,occupation,student
730,occupation,scientist
731,occupation,educator
732,occupation,other
733,occupation,other
734,occupation,other
735,occupation,healthcare
736,occupation,writer
737,occupation,programmer
738,occupation,technician
739,occupation,technician
740,occupation,educator
741,occupation,writer
742,occupation,student
743,occupation,programmer
744,occupation,marketing
745,occupation,writer
746,occupation,engineer
747,occupation,other
748,occupation,administrator
749,occupation,other
750,occupation,administrator
751,occupation,other
752,occupation,retired
753,occupation,salesman
754,occupation,librarian
755,occupation,educator
756,occupation,none
757,occupation,student
758,occupation,student
759,occupation,student
760,occupation,other
761,occupation,student
762,occupation,administrator
763,occupation,scientist
764,occupation,educator
765,occupation,student
766,occupation,other
767,occupation,engineer
768,occupation,administrator
769,occupation,executive
770,occupation,student
771,occupation,student
772,occupation,writer
773,occupation,student
774,occupation,student
775,occupation,executive
776,occupation,librarian
777,occupation,programmer
778,occupation,student
779,occupation,student
780,occupation,programmer
781,occupation,student
782,occupation,artist
783,occupation,marketing
784,occupation,administrator
785,occupation,engineer
786,occupation,engineer
787,occupation,student
788,occupation,administrator
789,occupation,other
790,occupation,technician
791,occupation,educator
792,occupation,programmer
793,occupation,student
794,occupation,educator
795,occupation,programmer
796,occupation,writer
797,occupation,other
798,occupation,writer
799,occupation,administrator
800,occupation,programmer
801,occupation,writer
802,occupation,administrator
803,occupation,administrator
804,occupation,educator
805,occupation,other
806,occupation,marketing
807,occupation,healthcare
808,occupation,salesman
809,occupation,marketing
810,occupation,other
811,occupation,educator
812,occupation,technician
813,occupation,student
814,occupation,other
815,occupation,other
816,occupation,other
817,occupation,student
818,occupation,librarian
819,occupation,administrator
820,occupation,student
821,occupation,engineer
822,occupation,librarian
823,occupation,artist
824,occupation,other
825,occupation,engineer
826,occupation,artist
827,occupation,engineer
828,occupation,librarian
829,occupation,writer
830,occupation,programmer
831,occupation,other
832,occupation,technician
833,occupation,writer
834,occupation,other
835,occupation,executive
836,occupation,artist
837,occupation,artist
838,occupation,student
839,occupation,entertainment
840,occupation,artist
841,occupation,doctor
842,occupation,writer
843,occupation,librarian
844,occupation,engineer
845,occupation,doctor
846,occupation,lawyer
847,occupation,student
848,occupation,engineer
849,occupation,student
850,occupation,technician
851,occupation,other
852,occupation,administrator
853,occupation,writer
854,occupation,student
855,occupation,librarian
856,occupation,marketing
857,occupation,administrator
858,occupation,educator
859,occupation,other
860,occupation,retired
861,occupation,student
862,occupation,executive
863,occupation,student
864,occupation,programmer
865,occupation,artist
866,occupation,other
867,occupation,scientist
868,occupation,programmer
869,occupation,student
870,occupation,student
871,occupation,executive
872,occupation,student
873,occupation,administrator
874,occupation,scientist
875,occupation,student
876,occupation,other
877,occupation,other
878,occupation,educator
879,occupation,administrator
880,occupation,student
881,occupation,marketing
882,occupation,engineer
883,occupation,librarian
884,occupation,engineer
885,occupation,other
886,occupation,student
887,occupation,student
888,occupation,scientist
889,occupation,technician
890,occupation,student
891,occupation,administrator
892,occupation,other
893,occupation,student
894,occupation,educator
895,occupation,librarian
896,occupation,writer
897,occupation,other
898,occupation,homemaker
899,occupation,other
900,occupation,retired
901,occupation,executive
902,occupation,artist
903,occupation,educator
904,occupation,student
905,occupation,other
906,occupation,librarian
907,occupation,other
908,occupation,librarian
909,occupation,educator
910,occupation,healthcare
911,occupation,writer
912,occupation,other
913,occupation,student
914,occupation,other
915,occupation,entertainment
916,occupation,engineer
917,occupation,student
918,occupation,scientist
919,occupation,other
920,occupation,artist
921,occupation,student
922,occupation,administrator
923,occupation,student
924,occupation,other
925,occupation,salesman
926,occupation,entertainment
927,occupation,programmer
928,occupation,student
929,occupation,scientist
930,occupation,scientist
931,occupation,educator
932,occupation,educator
933,occupation,student
934,occupation,engineer
935,occupation,doctor
936,occupation,other
937,occupation,educator
938,occupation,technician
939,occupation,student
940,occupation,administrator
941,occupation,student
942,occupation,librarian
943,occupation,student
